UserID,UserName,Age,Gender
120158,User_120158,44,Male
48080,User_48080,34,Male
125691,User_125691,31,Male
112131,User_112131,43,Male
126976,User_126976,29,Male
72324,User_72324,42,Female
93384,User_93384,18,Male
55249,User_55249,24,Female
85226,User_85226,33,Female
100264,User_100264,43,Male
92091,User_92091,23,Male
54313,User_54313,42,Female
112018,User_112018,53,Male
137044,User_137044,42,Female
73769,User_73769,50,Female
11411,User_11411,26,Female
11189,User_11189,44,Female
29449,User_29449,52,Female
37884,User_37884,50,Male
109133,User_109133,51,Male
92908,User_92908,57,Male
69379,User_69379,55,Male
12457,User_12457,53,Male
28816,User_28816,34,Female
38025,User_38025,51,Male
111584,User_111584,26,Female
91745,User_91745,42,Female
76689,User_76689,29,Male
52263,User_52263,30,Male
107537,User_107537,27,Female
9649,User_9649,29,Female
54807,User_54807,49,Female
51683,User_51683,52,Female
134027,User_134027,33,Male
108126,User_108126,18,Female
79885,User_79885,33,Female
79146,User_79146,23,Male
24804,User_24804,28,Male
78213,User_78213,28,Male
19837,User_19837,55,Female
47844,User_47844,44,Female
31602,User_31602,18,Male
37435,User_37435,33,Male
95982,User_95982,31,Male
28426,User_28426,50,Female
9238,User_9238,20,Male
31024,User_31024,22,Female
90569,User_90569,49,Male
96789,User_96789,50,Male
29563,User_29563,18,Male
104868,User_104868,35,Female
101796,User_101796,23,Female
36492,User_36492,19,Female
77543,User_77543,31,Female
96089,User_96089,36,Female
15227,User_15227,51,Male
42951,User_42951,43,Male
77416,User_77416,25,Male
115873,User_115873,48,Female
80428,User_80428,43,Female
27872,User_27872,21,Female
134683,User_134683,45,Male
124696,User_124696,48,Female
8112,User_8112,56,Male
105919,User_105919,21,Male
119526,User_119526,46,Female
5303,User_5303,49,Male
73743,User_73743,40,Male
90761,User_90761,36,Male
131498,User_131498,49,Male
102069,User_102069,56,Female
42874,User_42874,38,Female
15697,User_15697,55,Female
52987,User_52987,43,Female
29925,User_29925,41,Male
73189,User_73189,22,Female
85374,User_85374,31,Male
84542,User_84542,41,Female
130482,User_130482,23,Female
135172,User_135172,21,Female
53157,User_53157,53,Female
71658,User_71658,32,Female
10922,User_10922,21,Male
128751,User_128751,19,Female
115578,User_115578,27,Female
113494,User_113494,58,Male
75266,User_75266,36,Male
7404,User_7404,21,Male
88707,User_88707,58,Female
101550,User_101550,51,Female
48063,User_48063,26,Male
68552,User_68552,31,Female
3882,User_3882,41,Male
2916,User_2916,57,Female
313,User_313,31,Female
56995,User_56995,36,Male
118616,User_118616,23,Female
8040,User_8040,47,Female
102160,User_102160,27,Male
82812,User_82812,30,Female
33741,User_33741,46,Male
73115,User_73115,52,Male
138057,User_138057,36,Male
63477,User_63477,40,Female
76628,User_76628,18,Female
135146,User_135146,32,Male
119200,User_119200,28,Female
105846,User_105846,23,Female
42928,User_42928,49,Male
106091,User_106091,57,Female
25341,User_25341,21,Male
114833,User_114833,36,Male
19308,User_19308,51,Female
122736,User_122736,47,Male
33180,User_33180,57,Female
60467,User_60467,39,Male
29065,User_29065,33,Female
77145,User_77145,33,Female
5563,User_5563,37,Male
101141,User_101141,57,Male
52326,User_52326,43,Male
32555,User_32555,42,Male
9787,User_9787,20,Female
131334,User_131334,40,Female
76702,User_76702,32,Male
129862,User_129862,59,Female
119430,User_119430,21,Male
84060,User_84060,18,Female
25958,User_25958,38,Male
77035,User_77035,60,Male
10788,User_10788,51,Male
62729,User_62729,37,Female
88094,User_88094,54,Female
4513,User_4513,59,Female
90849,User_90849,51,Female
105373,User_105373,42,Female
78043,User_78043,42,Female
128171,User_128171,42,Male
122545,User_122545,22,Female
116901,User_116901,22,Male
108040,User_108040,21,Female
112487,User_112487,29,Male
82669,User_82669,22,Female
41873,User_41873,36,Female
36550,User_36550,44,Male
2701,User_2701,59,Female
9816,User_9816,59,Female
82593,User_82593,24,Male
83134,User_83134,40,Male
37600,User_37600,24,Female
18947,User_18947,39,Female
36384,User_36384,38,Female
133097,User_133097,60,Male
70946,User_70946,29,Male
18757,User_18757,60,Male
92447,User_92447,31,Female
34902,User_34902,26,Female
121681,User_121681,19,Male
77678,User_77678,31,Male
117239,User_117239,59,Male
69555,User_69555,46,Male
50839,User_50839,59,Male
111270,User_111270,55,Male
83187,User_83187,48,Female
12012,User_12012,24,Female
90747,User_90747,31,Female
4492,User_4492,56,Male
110216,User_110216,22,Male
125076,User_125076,48,Male
133952,User_133952,21,Male
71984,User_71984,45,Female
78112,User_78112,36,Female
62505,User_62505,43,Female
47291,User_47291,18,Male
44983,User_44983,28,Male
18003,User_18003,30,Female
100007,User_100007,38,Male
108278,User_108278,31,Male
125185,User_125185,20,Female
137166,User_137166,40,Female
11575,User_11575,25,Female
83980,User_83980,39,Female
37870,User_37870,18,Female
30610,User_30610,32,Male
135087,User_135087,27,Male
128827,User_128827,56,Female
31808,User_31808,36,Female
115738,User_115738,22,Male
76508,User_76508,26,Male
62194,User_62194,22,Female
127416,User_127416,59,Female
99657,User_99657,40,Female
100717,User_100717,41,Male
23785,User_23785,52,Male
55119,User_55119,47,Female
71971,User_71971,60,Male
99099,User_99099,47,Male
65473,User_65473,47,Male
3315,User_3315,41,Female
32437,User_32437,33,Female
97601,User_97601,58,Male
24861,User_24861,26,Female
37850,User_37850,38,Male
53182,User_53182,60,Male
3596,User_3596,47,Male
29568,User_29568,33,Male
129409,User_129409,57,Female
32900,User_32900,57,Male
57683,User_57683,31,Male
106895,User_106895,31,Female
58808,User_58808,44,Female
65054,User_65054,51,Female
110425,User_110425,45,Female
93564,User_93564,33,Female
45993,User_45993,57,Female
62458,User_62458,32,Male
119804,User_119804,24,Female
17178,User_17178,47,Male
6075,User_6075,22,Female
25819,User_25819,35,Female
84898,User_84898,20,Male
94676,User_94676,57,Female
24034,User_24034,48,Male
34535,User_34535,54,Male
70009,User_70009,31,Male
27118,User_27118,39,Male
4803,User_4803,38,Female
16092,User_16092,44,Male
97498,User_97498,19,Male
92061,User_92061,45,Male
121167,User_121167,42,Female
33940,User_33940,54,Male
62891,User_62891,32,Male
46082,User_46082,41,Male
8369,User_8369,23,Female
59290,User_59290,50,Male
75928,User_75928,41,Female
11894,User_11894,37,Male
40046,User_40046,44,Female
43460,User_43460,57,Female
133404,User_133404,21,Female
96040,User_96040,29,Female
14669,User_14669,30,Male
35370,User_35370,48,Male
133856,User_133856,56,Female
90139,User_90139,53,Female
87056,User_87056,47,Female
43221,User_43221,46,Male
133486,User_133486,37,Female
63465,User_63465,40,Female
82417,User_82417,28,Male
17798,User_17798,18,Male
52461,User_52461,53,Male
84384,User_84384,46,Female
37997,User_37997,42,Female
7680,User_7680,51,Female
11132,User_11132,38,Female
89801,User_89801,35,Male
85006,User_85006,29,Male
135804,User_135804,25,Male
14906,User_14906,40,Female
123483,User_123483,31,Female
91049,User_91049,22,Male
108372,User_108372,47,Female
122700,User_122700,30,Female
120464,User_120464,19,Female
72761,User_72761,33,Male
26420,User_26420,39,Male
82278,User_82278,38,Female
75309,User_75309,22,Female
40635,User_40635,45,Female
97739,User_97739,34,Female
14588,User_14588,31,Female
76465,User_76465,53,Male
54511,User_54511,26,Male
44524,User_44524,18,Female
128413,User_128413,52,Male
48402,User_48402,50,Female
2677,User_2677,34,Male
137684,User_137684,38,Male
75528,User_75528,30,Female
130108,User_130108,58,Female
32138,User_32138,40,Male
109181,User_109181,30,Female
43635,User_43635,50,Male
76647,User_76647,60,Female
115993,User_115993,50,Female
111939,User_111939,59,Male
49648,User_49648,41,Male
43155,User_43155,21,Female
32745,User_32745,44,Male
31022,User_31022,26,Male
90042,User_90042,21,Female
91366,User_91366,19,Female
132783,User_132783,45,Male
69355,User_69355,52,Female
107299,User_107299,57,Male
19381,User_19381,54,Male
105267,User_105267,19,Female
106979,User_106979,31,Female
48844,User_48844,35,Male
15338,User_15338,21,Male
31446,User_31446,40,Female
111236,User_111236,50,Female
73448,User_73448,27,Male
50393,User_50393,58,Male
32322,User_32322,56,Male
56452,User_56452,26,Female
126589,User_126589,30,Male
56683,User_56683,60,Female
14714,User_14714,50,Female
5492,User_5492,55,Male
65579,User_65579,25,Female
124331,User_124331,18,Female
27785,User_27785,35,Female
103578,User_103578,60,Male
51551,User_51551,23,Female
117580,User_117580,23,Male
33360,User_33360,44,Male
102313,User_102313,28,Male
91853,User_91853,45,Female
46499,User_46499,60,Female
53181,User_53181,47,Male
32525,User_32525,41,Female
31044,User_31044,37,Male
40157,User_40157,21,Female
121223,User_121223,42,Female
13344,User_13344,27,Male
5395,User_5395,27,Female
50346,User_50346,29,Male
101412,User_101412,26,Male
53147,User_53147,23,Male
40259,User_40259,25,Male
8940,User_8940,21,Male
64212,User_64212,59,Female
105916,User_105916,54,Female
41961,User_41961,58,Male
83253,User_83253,24,Female
24033,User_24033,26,Female
125088,User_125088,43,Female
85280,User_85280,32,Male
138151,User_138151,43,Male
15674,User_15674,52,Female
103691,User_103691,40,Female
29015,User_29015,52,Female
130579,User_130579,42,Male
109646,User_109646,59,Female
37513,User_37513,39,Female
122233,User_122233,18,Male
114177,User_114177,38,Female
91430,User_91430,59,Female
81655,User_81655,48,Male
10528,User_10528,59,Female
11260,User_11260,53,Male
41963,User_41963,35,Female
77077,User_77077,46,Male
72369,User_72369,19,Male
76003,User_76003,41,Female
11920,User_11920,20,Male
20798,User_20798,60,Male
29462,User_29462,59,Male
53272,User_53272,57,Female
59397,User_59397,56,Female
73883,User_73883,53,Male
46875,User_46875,41,Male
34085,User_34085,52,Male
79450,User_79450,57,Female
41818,User_41818,26,Female
116485,User_116485,21,Male
123755,User_123755,32,Male
48320,User_48320,60,Male
61366,User_61366,40,Male
40680,User_40680,18,Male
21013,User_21013,32,Female
23780,User_23780,47,Female
53140,User_53140,21,Female
28866,User_28866,60,Male
105720,User_105720,27,Male
58972,User_58972,28,Female
2348,User_2348,47,Male
104295,User_104295,52,Male
62852,User_62852,41,Female
91580,User_91580,44,Male
62240,User_62240,49,Female
35544,User_35544,30,Female
124726,User_124726,57,Male
136571,User_136571,54,Female
64122,User_64122,56,Female
87194,User_87194,35,Female
66864,User_66864,37,Male
44815,User_44815,45,Female
111627,User_111627,23,Male
28054,User_28054,47,Female
8150,User_8150,55,Male
124164,User_124164,52,Female
118094,User_118094,42,Male
62751,User_62751,50,Female
30431,User_30431,30,Female
10416,User_10416,55,Male
25276,User_25276,42,Female
19974,User_19974,18,Male
125426,User_125426,60,Female
13203,User_13203,34,Male
66254,User_66254,40,Female
12644,User_12644,34,Male
78956,User_78956,26,Female
46179,User_46179,25,Female
103557,User_103557,20,Female
122259,User_122259,58,Female
99741,User_99741,49,Female
15828,User_15828,51,Male
102229,User_102229,27,Female
34088,User_34088,19,Male
47443,User_47443,50,Female
103250,User_103250,41,Female
126310,User_126310,42,Female
138241,User_138241,45,Female
88416,User_88416,38,Male
26956,User_26956,23,Female
52618,User_52618,19,Male
133448,User_133448,28,Male
108055,User_108055,25,Male
63679,User_63679,28,Female
127439,User_127439,21,Male
670,User_670,52,Male
46432,User_46432,41,Female
93310,User_93310,53,Female
33467,User_33467,19,Male
13634,User_13634,54,Male
10041,User_10041,30,Female
1519,User_1519,52,Female
64136,User_64136,48,Female
91978,User_91978,27,Female
104426,User_104426,58,Female
31322,User_31322,41,Male
88423,User_88423,47,Male
16829,User_16829,20,Male
127934,User_127934,31,Male
101388,User_101388,36,Female
111295,User_111295,56,Male
17465,User_17465,33,Male
126902,User_126902,57,Male
64970,User_64970,35,Female
124165,User_124165,35,Female
21488,User_21488,39,Female
46701,User_46701,28,Female
7954,User_7954,28,Male
115973,User_115973,54,Male
113859,User_113859,31,Male
89367,User_89367,24,Female
39686,User_39686,50,Male
45955,User_45955,56,Female
135769,User_135769,58,Female
88817,User_88817,57,Male
21165,User_21165,30,Female
24990,User_24990,56,Male
111422,User_111422,52,Female
115560,User_115560,60,Male
43805,User_43805,38,Female
28851,User_28851,53,Male
110402,User_110402,45,Female
132223,User_132223,45,Female
35465,User_35465,35,Female
129018,User_129018,35,Female
41704,User_41704,51,Male
99190,User_99190,59,Male
133865,User_133865,31,Male
34486,User_34486,39,Female
95279,User_95279,28,Female
96719,User_96719,60,Female
131695,User_131695,45,Female
96949,User_96949,20,Male
14556,User_14556,41,Female
62524,User_62524,42,Male
28950,User_28950,42,Female
35157,User_35157,37,Male
122687,User_122687,53,Female
57764,User_57764,55,Female
98162,User_98162,45,Male
371,User_371,39,Female
127756,User_127756,23,Female
53521,User_53521,43,Female
87979,User_87979,23,Female
53647,User_53647,56,Female
25313,User_25313,20,Female
73898,User_73898,26,Male
54818,User_54818,21,Female
45183,User_45183,49,Female
88457,User_88457,28,Male
45281,User_45281,23,Female
27670,User_27670,48,Male
92755,User_92755,59,Female
85030,User_85030,41,Male
100639,User_100639,33,Male
13905,User_13905,42,Male
57450,User_57450,19,Male
134514,User_134514,35,Male
47523,User_47523,52,Male
4958,User_4958,48,Male
74806,User_74806,58,Male
59636,User_59636,56,Female
56914,User_56914,48,Male
34210,User_34210,47,Male
43166,User_43166,41,Male
104229,User_104229,58,Female
74389,User_74389,47,Male
35849,User_35849,21,Male
20168,User_20168,60,Male
84072,User_84072,32,Female
55416,User_55416,21,Female
82063,User_82063,50,Male
28309,User_28309,35,Male
38981,User_38981,19,Female
33927,User_33927,58,Male
106457,User_106457,60,Female
112941,User_112941,39,Female
101622,User_101622,28,Female
38980,User_38980,19,Male
128697,User_128697,23,Male
22901,User_22901,35,Male
113262,User_113262,45,Male
43567,User_43567,26,Female
73023,User_73023,33,Male
103208,User_103208,52,Female
13468,User_13468,24,Male
105360,User_105360,39,Female
86630,User_86630,54,Female
29529,User_29529,47,Female
112405,User_112405,19,Female
70715,User_70715,42,Female
105169,User_105169,55,Female
10234,User_10234,26,Female
76633,User_76633,45,Male
95275,User_95275,57,Female
86111,User_86111,58,Female
103447,User_103447,51,Female
34719,User_34719,48,Female
71636,User_71636,46,Male
87438,User_87438,34,Female
83376,User_83376,57,Female
20881,User_20881,45,Male
22370,User_22370,18,Female
61200,User_61200,27,Male
68684,User_68684,54,Female
26725,User_26725,40,Female
10378,User_10378,30,Male
91560,User_91560,21,Male
20532,User_20532,36,Female
356,User_356,60,Male
121572,User_121572,20,Male
28952,User_28952,26,Male
102986,User_102986,44,Male
85220,User_85220,28,Male
1486,User_1486,24,Male
76006,User_76006,55,Female
116951,User_116951,47,Female
35804,User_35804,26,Male
82554,User_82554,31,Female
5816,User_5816,26,Female
57906,User_57906,27,Female
49442,User_49442,56,Male
74374,User_74374,59,Female
99585,User_99585,31,Male
61133,User_61133,33,Male
104900,User_104900,50,Female
105003,User_105003,32,Male
27560,User_27560,20,Female
18373,User_18373,22,Female
18619,User_18619,45,Female
74959,User_74959,60,Female
36812,User_36812,18,Male
69190,User_69190,27,Female
128918,User_128918,50,Male
11109,User_11109,27,Female
56857,User_56857,58,Male
100352,User_100352,37,Male
129940,User_129940,47,Male
29619,User_29619,35,Male
95802,User_95802,44,Male
74756,User_74756,35,Female
53613,User_53613,31,Female
20586,User_20586,42,Female
73771,User_73771,41,Male
37439,User_37439,21,Male
19371,User_19371,48,Male
111732,User_111732,38,Female
1035,User_1035,52,Female
131371,User_131371,42,Female
7542,User_7542,58,Female
9801,User_9801,41,Male
103634,User_103634,37,Male
14229,User_14229,37,Male
24377,User_24377,55,Female
120919,User_120919,45,Female
30059,User_30059,58,Male
123321,User_123321,54,Female
76129,User_76129,45,Male
51703,User_51703,56,Male
58151,User_58151,28,Female
106718,User_106718,22,Female
14845,User_14845,37,Male
131793,User_131793,32,Male
73462,User_73462,51,Female
81768,User_81768,23,Female
39455,User_39455,42,Male
38518,User_38518,30,Male
45492,User_45492,32,Male
71414,User_71414,27,Female
107486,User_107486,34,Female
121295,User_121295,26,Male
41222,User_41222,49,Male
12068,User_12068,29,Female
94182,User_94182,49,Male
52173,User_52173,42,Female
16693,User_16693,47,Female
69972,User_69972,58,Male
9841,User_9841,43,Male
15768,User_15768,52,Male
4320,User_4320,40,Female
59809,User_59809,39,Female
135257,User_135257,21,Male
41197,User_41197,31,Female
81302,User_81302,41,Female
18281,User_18281,31,Female
90059,User_90059,43,Female
43463,User_43463,50,Male
50814,User_50814,57,Male
35637,User_35637,52,Female
13317,User_13317,55,Male
49629,User_49629,23,Female
94190,User_94190,60,Male
76843,User_76843,22,Female
4892,User_4892,32,Male
1827,User_1827,19,Female
35081,User_35081,56,Female
119238,User_119238,32,Female
65245,User_65245,38,Male
121846,User_121846,56,Male
73207,User_73207,25,Male
70570,User_70570,28,Male
33633,User_33633,57,Female
24017,User_24017,25,Female
53844,User_53844,42,Female
84621,User_84621,58,Male
86059,User_86059,59,Female
44255,User_44255,28,Male
118992,User_118992,45,Female
73226,User_73226,35,Female
85639,User_85639,53,Male
113926,User_113926,60,Male
4826,User_4826,56,Male
316,User_316,51,Female
110150,User_110150,53,Male
4165,User_4165,29,Female
110151,User_110151,38,Male
96000,User_96000,19,Female
101347,User_101347,18,Female
52383,User_52383,54,Male
109772,User_109772,27,Male
46344,User_46344,22,Male
55707,User_55707,37,Male
113045,User_113045,43,Male
131746,User_131746,19,Female
128259,User_128259,28,Female
98816,User_98816,38,Female
35475,User_35475,54,Female
109130,User_109130,54,Female
110917,User_110917,24,Male
103668,User_103668,48,Male
81746,User_81746,19,Female
126758,User_126758,24,Male
2728,User_2728,39,Male
32209,User_32209,53,Male
78595,User_78595,37,Male
8931,User_8931,59,Male
34668,User_34668,28,Female
21390,User_21390,22,Female
103528,User_103528,21,Male
12962,User_12962,25,Male
89424,User_89424,46,Male
67334,User_67334,19,Male
98981,User_98981,60,Male
24805,User_24805,47,Female
48246,User_48246,24,Male
105213,User_105213,45,Male
88825,User_88825,37,Female
109386,User_109386,39,Male
97806,User_97806,35,Female
69079,User_69079,50,Male
3266,User_3266,34,Male
125065,User_125065,37,Male
41517,User_41517,40,Male
75836,User_75836,37,Male
89411,User_89411,48,Male
133805,User_133805,30,Female
28874,User_28874,58,Male
131351,User_131351,29,Female
48102,User_48102,38,Female
99280,User_99280,24,Female
81563,User_81563,56,Female
50280,User_50280,38,Male
50661,User_50661,58,Male
126787,User_126787,18,Male
123254,User_123254,50,Male
48976,User_48976,58,Male
97919,User_97919,32,Male
129659,User_129659,25,Female
30388,User_30388,60,Male
46301,User_46301,59,Female
106944,User_106944,25,Male
1233,User_1233,31,Female
52848,User_52848,56,Male
82291,User_82291,30,Male
69194,User_69194,46,Female
132034,User_132034,30,Female
82978,User_82978,29,Female
119882,User_119882,43,Female
20386,User_20386,31,Female
21078,User_21078,37,Male
29802,User_29802,23,Female
74628,User_74628,31,Female
31578,User_31578,51,Male
70858,User_70858,23,Male
80967,User_80967,35,Female
70835,User_70835,45,Male
20655,User_20655,48,Male
12592,User_12592,38,Female
43688,User_43688,37,Female
73874,User_73874,42,Male
106325,User_106325,35,Male
116399,User_116399,36,Female
4917,User_4917,26,Female
131036,User_131036,43,Female
117119,User_117119,32,Male
113886,User_113886,45,Female
49210,User_49210,31,Female
25472,User_25472,26,Male
47416,User_47416,55,Female
12051,User_12051,23,Male
126039,User_126039,45,Male
72933,User_72933,20,Male
129908,User_129908,51,Male
73367,User_73367,26,Male
113558,User_113558,44,Male
6296,User_6296,18,Female
100276,User_100276,23,Male
91097,User_91097,31,Male
74361,User_74361,51,Male
57589,User_57589,58,Male
134788,User_134788,18,Male
14947,User_14947,31,Female
13763,User_13763,19,Female
70503,User_70503,48,Female
89064,User_89064,56,Male
40256,User_40256,26,Female
52137,User_52137,54,Female
78309,User_78309,53,Male
121035,User_121035,19,Female
66761,User_66761,35,Male
68207,User_68207,41,Male
118144,User_118144,25,Female
89991,User_89991,23,Male
1640,User_1640,44,Female
51443,User_51443,39,Female
76187,User_76187,38,Male
24667,User_24667,51,Female
127582,User_127582,24,Female
68597,User_68597,60,Male
72462,User_72462,24,Male
87953,User_87953,40,Male
136905,User_136905,29,Female
13419,User_13419,56,Male
135671,User_135671,18,Male
31094,User_31094,24,Female
43447,User_43447,46,Female
60913,User_60913,49,Female
78276,User_78276,36,Male
94687,User_94687,60,Male
111590,User_111590,34,Male
1335,User_1335,37,Female
13206,User_13206,56,Male
40461,User_40461,50,Male
49407,User_49407,27,Female
65934,User_65934,43,Male
118337,User_118337,23,Female
127598,User_127598,25,Male
110374,User_110374,20,Male
94803,User_94803,42,Male
52453,User_52453,42,Female
65208,User_65208,39,Female
119381,User_119381,59,Male
116589,User_116589,29,Male
49837,User_49837,52,Male
103339,User_103339,34,Female
90725,User_90725,34,Female
28581,User_28581,59,Male
45673,User_45673,38,Female
18295,User_18295,19,Female
78342,User_78342,29,Male
19603,User_19603,23,Female
83592,User_83592,21,Female
72044,User_72044,18,Male
28616,User_28616,55,Female
29612,User_29612,19,Female
36753,User_36753,19,Female
99805,User_99805,49,Male
131755,User_131755,19,Female
118382,User_118382,38,Female
76125,User_76125,42,Male
59333,User_59333,37,Female
114442,User_114442,29,Female
129127,User_129127,50,Male
91134,User_91134,18,Male
72666,User_72666,30,Male
111522,User_111522,55,Male
34917,User_34917,34,Male
37862,User_37862,48,Male
95064,User_95064,54,Female
52778,User_52778,37,Female
48989,User_48989,38,Female
112061,User_112061,35,Female
78270,User_78270,40,Female
89847,User_89847,44,Female
136066,User_136066,25,Female
86595,User_86595,31,Female
64644,User_64644,39,Male
32682,User_32682,36,Female
52860,User_52860,29,Female
85358,User_85358,35,Female
27705,User_27705,51,Male
5348,User_5348,42,Female
11520,User_11520,54,Female
56832,User_56832,53,Female
15171,User_15171,55,Female
23366,User_23366,28,Female
33171,User_33171,34,Male
75856,User_75856,56,Male
44799,User_44799,56,Female
35441,User_35441,59,Female
126161,User_126161,59,Male
31273,User_31273,47,Male
43085,User_43085,19,Female
107966,User_107966,58,Male
8019,User_8019,25,Female
47090,User_47090,24,Male
48943,User_48943,36,Male
45297,User_45297,51,Male
71087,User_71087,26,Male
5470,User_5470,24,Female
110300,User_110300,27,Female
10104,User_10104,59,Male
68990,User_68990,21,Female
36351,User_36351,45,Female
83831,User_83831,22,Female
125825,User_125825,34,Female
136274,User_136274,29,Female
105614,User_105614,31,Female
88571,User_88571,22,Male
129788,User_129788,37,Female
48978,User_48978,48,Female
132951,User_132951,25,Male
6455,User_6455,37,Male
5009,User_5009,21,Female
10810,User_10810,28,Male
63276,User_63276,55,Female
96176,User_96176,43,Male
41738,User_41738,51,Female
106804,User_106804,46,Male
35376,User_35376,59,Female
119307,User_119307,32,Male
79125,User_79125,23,Female
83833,User_83833,45,Male
106842,User_106842,23,Male
83091,User_83091,49,Female
123820,User_123820,38,Female
138027,User_138027,24,Male
37716,User_37716,28,Male
35961,User_35961,43,Male
23017,User_23017,30,Male
86919,User_86919,32,Male
126438,User_126438,55,Female
65784,User_65784,53,Female
62434,User_62434,21,Female
503,User_503,30,Female
17596,User_17596,60,Female
16180,User_16180,35,Male
73055,User_73055,56,Female
1644,User_1644,37,Male
4830,User_4830,27,Male
33133,User_33133,46,Male
50098,User_50098,53,Male
132352,User_132352,50,Female
87629,User_87629,20,Female
111272,User_111272,22,Female
106485,User_106485,60,Male
77994,User_77994,54,Male
23052,User_23052,43,Male
78090,User_78090,39,Male
99472,User_99472,37,Male
32856,User_32856,39,Male
115430,User_115430,54,Male
17099,User_17099,24,Male
56406,User_56406,49,Male
7909,User_7909,53,Male
50503,User_50503,55,Male
57410,User_57410,35,Male
114247,User_114247,33,Male
90631,User_90631,52,Male
19538,User_19538,26,Male
33040,User_33040,44,Male
129398,User_129398,59,Male
138439,User_138439,46,Female
18330,User_18330,26,Male
115602,User_115602,60,Male
52879,User_52879,23,Female
69916,User_69916,60,Female
105252,User_105252,38,Male
95310,User_95310,50,Male
11505,User_11505,24,Female
48537,User_48537,51,Female
2260,User_2260,18,Male
60001,User_60001,59,Female
1697,User_1697,24,Male
99263,User_99263,40,Male
8761,User_8761,34,Male
96977,User_96977,38,Female
97772,User_97772,32,Male
53263,User_53263,48,Male
14842,User_14842,58,Male
36348,User_36348,39,Female
49529,User_49529,33,Male
105702,User_105702,40,Male
124887,User_124887,44,Female
49571,User_49571,40,Female
114626,User_114626,56,Female
21042,User_21042,45,Male
76171,User_76171,56,Male
95314,User_95314,23,Female
98233,User_98233,57,Male
21008,User_21008,41,Female
103997,User_103997,36,Male
23042,User_23042,42,Male
17273,User_17273,57,Female
131179,User_131179,50,Male
23683,User_23683,47,Male
80275,User_80275,50,Male
91166,User_91166,37,Male
111393,User_111393,49,Female
42559,User_42559,51,Female
73930,User_73930,28,Female
65078,User_65078,20,Male
45981,User_45981,23,Male
134004,User_134004,18,Female
130861,User_130861,24,Female
103912,User_103912,56,Female
29050,User_29050,36,Male
126426,User_126426,50,Male
40843,User_40843,42,Female
24013,User_24013,36,Male
100581,User_100581,41,Female
135415,User_135415,48,Male
134266,User_134266,22,Female
81988,User_81988,38,Male
98386,User_98386,53,Female
1483,User_1483,25,Female
80561,User_80561,33,Male
37841,User_37841,37,Male
15062,User_15062,46,Male
98003,User_98003,24,Female
42322,User_42322,50,Male
111806,User_111806,47,Female
9354,User_9354,54,Male
23113,User_23113,55,Male
74716,User_74716,45,Female
21185,User_21185,30,Male
46652,User_46652,57,Female
49336,User_49336,54,Male
16326,User_16326,40,Male
62658,User_62658,41,Male
114244,User_114244,25,Female
48421,User_48421,43,Male
74195,User_74195,41,Female
92550,User_92550,36,Female
105371,User_105371,19,Female
17613,User_17613,42,Female
80126,User_80126,27,Male
59831,User_59831,50,Male
70765,User_70765,47,Male
58584,User_58584,18,Male
104766,User_104766,49,Male
61673,User_61673,59,Male
135186,User_135186,41,Male
82820,User_82820,27,Male
109657,User_109657,38,Male
9251,User_9251,50,Female
89721,User_89721,33,Female
128535,User_128535,43,Male
47897,User_47897,30,Female
93502,User_93502,38,Female
45753,User_45753,55,Female
1112,User_1112,21,Female
103888,User_103888,38,Male
16274,User_16274,47,Female
102634,User_102634,55,Male
37685,User_37685,39,Male
52178,User_52178,55,Female
21354,User_21354,36,Female
94624,User_94624,29,Male
15440,User_15440,57,Female
68071,User_68071,54,Male
95335,User_95335,45,Female
35154,User_35154,20,Male
93020,User_93020,29,Male
39532,User_39532,55,Female
12042,User_12042,48,Male
120838,User_120838,44,Male
59722,User_59722,33,Female
29885,User_29885,57,Male
115344,User_115344,49,Female
100459,User_100459,59,Male
99702,User_99702,45,Male
85248,User_85248,46,Male
10231,User_10231,48,Female
11783,User_11783,60,Male
53384,User_53384,51,Male
101286,User_101286,23,Female
84517,User_84517,40,Male
41904,User_41904,56,Female
76072,User_76072,31,Female
43531,User_43531,51,Female
69826,User_69826,57,Male
123395,User_123395,21,Female
106828,User_106828,43,Female
104540,User_104540,54,Male
15428,User_15428,20,Male
52331,User_52331,48,Female
33394,User_33394,43,Male
107708,User_107708,54,Male
111007,User_111007,36,Female
61699,User_61699,19,Female
52833,User_52833,57,Female
128706,User_128706,34,Female
48146,User_48146,50,Male
24576,User_24576,24,Male
68026,User_68026,48,Male
6641,User_6641,25,Male
7594,User_7594,23,Female
68321,User_68321,27,Male
119443,User_119443,19,Female
12572,User_12572,39,Male
121355,User_121355,43,Female
136946,User_136946,45,Male
129825,User_129825,55,Male
104436,User_104436,52,Male
74546,User_74546,28,Male
59999,User_59999,54,Male
119406,User_119406,20,Male
67708,User_67708,50,Male
73952,User_73952,50,Male
65974,User_65974,48,Female
24783,User_24783,54,Female
85723,User_85723,18,Male
118493,User_118493,25,Female
72517,User_72517,19,Male
133919,User_133919,48,Female
60683,User_60683,53,Female
42377,User_42377,33,Male
1110,User_1110,60,Female
81415,User_81415,54,Male
1252,User_1252,53,Male
28916,User_28916,60,Male
47839,User_47839,44,Female
6381,User_6381,55,Male
98508,User_98508,21,Female
134076,User_134076,52,Male
53091,User_53091,41,Male
3599,User_3599,32,Male
48937,User_48937,42,Male
22228,User_22228,40,Male
114728,User_114728,43,Male
89365,User_89365,23,Male
60800,User_60800,52,Female
65457,User_65457,38,Male
23337,User_23337,33,Male
117097,User_117097,59,Female
52881,User_52881,30,Female
118957,User_118957,20,Male
124507,User_124507,43,Female
136769,User_136769,22,Male
120376,User_120376,48,Male
105299,User_105299,40,Female
66800,User_66800,24,Male
43066,User_43066,46,Male
135592,User_135592,25,Male
46598,User_46598,30,Female
111724,User_111724,38,Male
92120,User_92120,29,Female
69459,User_69459,52,Male
99896,User_99896,32,Female
114210,User_114210,19,Male
76977,User_76977,55,Male
62265,User_62265,20,Male
11790,User_11790,38,Female
125525,User_125525,55,Female
100304,User_100304,27,Male
119025,User_119025,46,Female
18016,User_18016,30,Male
92096,User_92096,44,Female
75787,User_75787,38,Female
52596,User_52596,34,Male
128038,User_128038,33,Male
61656,User_61656,36,Male
63135,User_63135,55,Female
2659,User_2659,41,Female
127397,User_127397,33,Female
106770,User_106770,37,Female
72878,User_72878,58,Female
4160,User_4160,36,Female
78098,User_78098,48,Male
49532,User_49532,30,Female
72259,User_72259,35,Male
76961,User_76961,35,Female
80720,User_80720,32,Male
132605,User_132605,40,Female
102165,User_102165,50,Male
90129,User_90129,44,Female
26498,User_26498,28,Female
15658,User_15658,43,Female
91142,User_91142,48,Male
44023,User_44023,39,Male
20507,User_20507,34,Male
18009,User_18009,22,Male
66658,User_66658,18,Male
56413,User_56413,47,Male
66358,User_66358,24,Female
109809,User_109809,60,Male
109889,User_109889,27,Male
19398,User_19398,30,Male
22046,User_22046,27,Male
115996,User_115996,22,Female
59566,User_59566,18,Male
104820,User_104820,46,Female
135507,User_135507,36,Male
43775,User_43775,23,Female
26921,User_26921,59,Female
64132,User_64132,34,Female
28854,User_28854,47,Male
122124,User_122124,56,Male
91104,User_91104,42,Female
10256,User_10256,58,Female
109097,User_109097,46,Female
21708,User_21708,25,Female
5382,User_5382,49,Male
61717,User_61717,59,Female
32369,User_32369,48,Male
80849,User_80849,19,Male
109798,User_109798,18,Male
81240,User_81240,57,Male
7645,User_7645,52,Male
80469,User_80469,20,Male
4032,User_4032,49,Female
41991,User_41991,39,Male
40092,User_40092,24,Male
124289,User_124289,40,Male
64378,User_64378,42,Female
32734,User_32734,32,Female
127279,User_127279,41,Male
136272,User_136272,23,Male
29796,User_29796,23,Female
27121,User_27121,28,Female
93359,User_93359,47,Female
30534,User_30534,32,Female
33034,User_33034,24,Male
90914,User_90914,32,Female
119627,User_119627,51,Female
35840,User_35840,59,Female
117055,User_117055,29,Male
13595,User_13595,44,Female
122280,User_122280,42,Female
78159,User_78159,44,Female
63734,User_63734,21,Female
108546,User_108546,29,Female
36005,User_36005,60,Female
73029,User_73029,22,Female
51391,User_51391,59,Female
104829,User_104829,20,Male
61484,User_61484,39,Male
72750,User_72750,24,Female
134439,User_134439,57,Male
110490,User_110490,40,Female
82001,User_82001,56,Female
127992,User_127992,18,Male
19154,User_19154,53,Male
67511,User_67511,40,Male
44041,User_44041,26,Male
88218,User_88218,56,Male
2411,User_2411,36,Male
57899,User_57899,54,Male
77989,User_77989,56,Male
92072,User_92072,37,Female
89949,User_89949,28,Female
51076,User_51076,29,Female
36761,User_36761,54,Female
88209,User_88209,20,Female
104497,User_104497,28,Male
2541,User_2541,31,Female
85487,User_85487,18,Male
28708,User_28708,59,Male
6425,User_6425,45,Male
6923,User_6923,57,Male
72443,User_72443,20,Male
131516,User_131516,54,Female
86131,User_86131,55,Female
119126,User_119126,26,Female
11651,User_11651,49,Female
111327,User_111327,31,Female
101106,User_101106,38,Female
42428,User_42428,20,Male
98081,User_98081,32,Female
3543,User_3543,32,Male
63369,User_63369,59,Male
84077,User_84077,40,Female
129025,User_129025,53,Male
14293,User_14293,58,Female
19297,User_19297,60,Female
130432,User_130432,46,Male
12818,User_12818,20,Female
112403,User_112403,31,Male
58561,User_58561,34,Female
136332,User_136332,31,Female
58672,User_58672,49,Female
1976,User_1976,54,Female
132909,User_132909,37,Male
122068,User_122068,41,Male
38868,User_38868,34,Female
60726,User_60726,27,Male
27306,User_27306,26,Male
5113,User_5113,30,Female
6838,User_6838,47,Female
6690,User_6690,35,Female
75293,User_75293,26,Male
10966,User_10966,44,Female
137828,User_137828,34,Male
106599,User_106599,56,Male
40302,User_40302,33,Male
44118,User_44118,50,Female
67249,User_67249,53,Male
93980,User_93980,44,Male
75970,User_75970,53,Female
82259,User_82259,44,Male
112867,User_112867,50,Male
94774,User_94774,23,Female
104371,User_104371,24,Male
3469,User_3469,32,Male
136193,User_136193,51,Male
112606,User_112606,44,Male
91936,User_91936,52,Male
135542,User_135542,30,Female
80635,User_80635,52,Female
80580,User_80580,41,Female
93516,User_93516,35,Female
85065,User_85065,59,Male
45461,User_45461,27,Female
89714,User_89714,21,Male
67759,User_67759,50,Female
15096,User_15096,60,Female
22510,User_22510,32,Female
50895,User_50895,29,Female
73440,User_73440,24,Male
48465,User_48465,47,Female
64308,User_64308,37,Male
16682,User_16682,47,Male
24201,User_24201,32,Male
6833,User_6833,33,Male
18832,User_18832,51,Male
121179,User_121179,47,Male
113044,User_113044,27,Female
104491,User_104491,45,Female
83673,User_83673,44,Male
95647,User_95647,21,Male
41824,User_41824,36,Female
48177,User_48177,27,Female
132457,User_132457,31,Male
90181,User_90181,46,Female
29190,User_29190,39,Male
70636,User_70636,44,Male
90526,User_90526,31,Female
122465,User_122465,18,Female
103203,User_103203,19,Male
67904,User_67904,19,Female
22767,User_22767,26,Female
118548,User_118548,49,Male
116849,User_116849,36,Female
109808,User_109808,36,Male
41576,User_41576,36,Female
69409,User_69409,45,Male
89959,User_89959,23,Female
75033,User_75033,24,Male
103499,User_103499,53,Male
48516,User_48516,42,Female
125909,User_125909,32,Male
28216,User_28216,45,Male
116177,User_116177,59,Female
60843,User_60843,50,Male
129297,User_129297,48,Female
127606,User_127606,24,Male
135368,User_135368,59,Male
47241,User_47241,21,Male
8295,User_8295,47,Male
10512,User_10512,18,Female
46008,User_46008,48,Female
36656,User_36656,59,Male
26268,User_26268,35,Male
98073,User_98073,48,Female
20686,User_20686,28,Male
7713,User_7713,21,Male
69225,User_69225,34,Female
711,User_711,26,Female
17632,User_17632,59,Female
457,User_457,56,Male
102951,User_102951,44,Female
105131,User_105131,23,Female
88530,User_88530,37,Male
105866,User_105866,34,Female
38587,User_38587,50,Male
87974,User_87974,32,Female
62543,User_62543,59,Male
61016,User_61016,22,Male
14331,User_14331,42,Female
37101,User_37101,55,Female
30696,User_30696,36,Male
121626,User_121626,46,Female
40563,User_40563,52,Female
98062,User_98062,21,Male
92657,User_92657,47,Male
89911,User_89911,43,Female
120357,User_120357,35,Male
119511,User_119511,53,Female
121314,User_121314,43,Male
25094,User_25094,54,Female
126544,User_126544,30,Male
89402,User_89402,26,Male
133158,User_133158,30,Female
94647,User_94647,42,Male
9353,User_9353,43,Female
102745,User_102745,28,Male
119004,User_119004,27,Male
4746,User_4746,24,Female
24665,User_24665,53,Male
134085,User_134085,33,Female
105229,User_105229,43,Male
27252,User_27252,48,Male
83841,User_83841,50,Male
52762,User_52762,38,Male
9746,User_9746,55,Female
40001,User_40001,22,Female
91421,User_91421,58,Female
48786,User_48786,50,Female
67474,User_67474,22,Female
7453,User_7453,24,Female
52938,User_52938,38,Female
63154,User_63154,28,Female
41152,User_41152,36,Female
115195,User_115195,57,Female
18671,User_18671,30,Male
35604,User_35604,28,Male
10078,User_10078,43,Male
75681,User_75681,28,Female
74506,User_74506,24,Male
29756,User_29756,44,Female
17029,User_17029,41,Male
47778,User_47778,52,Male
130068,User_130068,34,Female
77171,User_77171,35,Female
44328,User_44328,32,Female
93224,User_93224,46,Female
4647,User_4647,58,Female
2785,User_2785,56,Male
92782,User_92782,47,Female
77668,User_77668,58,Male
132295,User_132295,47,Male
124362,User_124362,51,Male
81658,User_81658,28,Male
37316,User_37316,24,Female
98318,User_98318,42,Female
115078,User_115078,37,Female
50050,User_50050,33,Female
4390,User_4390,54,Male
101096,User_101096,60,Male
37043,User_37043,51,Female
91601,User_91601,58,Female
106932,User_106932,22,Male
8849,User_8849,25,Male
103906,User_103906,59,Female
11761,User_11761,38,Male
88068,User_88068,27,Male
63762,User_63762,31,Male
8731,User_8731,45,Male
96212,User_96212,22,Male
40652,User_40652,47,Male
15559,User_15559,36,Male
50136,User_50136,42,Male
130977,User_130977,55,Male
105979,User_105979,26,Female
101736,User_101736,53,Female
80743,User_80743,54,Female
103740,User_103740,54,Female
81889,User_81889,45,Male
103656,User_103656,46,Male
70547,User_70547,29,Male
29657,User_29657,36,Female
116603,User_116603,53,Male
54681,User_54681,43,Male
63365,User_63365,18,Female
61670,User_61670,26,Female
12437,User_12437,33,Male
28142,User_28142,28,Female
98924,User_98924,56,Female
39973,User_39973,30,Female
35446,User_35446,59,Male
36623,User_36623,33,Female
99932,User_99932,57,Male
106982,User_106982,25,Female
32360,User_32360,51,Female
76737,User_76737,30,Male
67557,User_67557,57,Male
18146,User_18146,55,Male
105574,User_105574,51,Male
119609,User_119609,22,Female
74770,User_74770,54,Female
105875,User_105875,35,Male
81850,User_81850,18,Male
38013,User_38013,29,Male
129942,User_129942,35,Female
17060,User_17060,20,Male
29439,User_29439,29,Female
70589,User_70589,20,Female
34571,User_34571,20,Female
113452,User_113452,45,Male
137428,User_137428,53,Female
99542,User_99542,54,Male
103214,User_103214,60,Male
98854,User_98854,21,Female
69772,User_69772,28,Male
118295,User_118295,38,Male
51586,User_51586,59,Female
36621,User_36621,27,Female
126575,User_126575,18,Female
28810,User_28810,44,Male
115942,User_115942,19,Female
407,User_407,48,Female
84063,User_84063,19,Female
93355,User_93355,56,Female
30480,User_30480,23,Female
17687,User_17687,45,Male
46575,User_46575,44,Female
39094,User_39094,51,Female
54686,User_54686,37,Female
124042,User_124042,59,Female
30463,User_30463,39,Male
50409,User_50409,42,Female
5209,User_5209,57,Male
93942,User_93942,38,Male
111530,User_111530,19,Female
115866,User_115866,46,Female
33680,User_33680,39,Male
49131,User_49131,38,Female
98264,User_98264,54,Female
60503,User_60503,31,Female
40164,User_40164,55,Male
30751,User_30751,40,Female
130165,User_130165,28,Female
66159,User_66159,58,Female
110906,User_110906,24,Female
124670,User_124670,36,Female
36374,User_36374,21,Male
85800,User_85800,46,Female
46304,User_46304,47,Female
42494,User_42494,26,Male
23870,User_23870,26,Female
115896,User_115896,22,Male
67602,User_67602,50,Male
130059,User_130059,49,Female
133612,User_133612,44,Female
8601,User_8601,58,Female
49013,User_49013,21,Male
6783,User_6783,32,Male
128700,User_128700,18,Female
19504,User_19504,54,Male
28415,User_28415,24,Female
137000,User_137000,52,Male
98148,User_98148,33,Male
134200,User_134200,42,Male
36782,User_36782,58,Female
85642,User_85642,21,Male
34627,User_34627,37,Female
85618,User_85618,40,Male
24391,User_24391,24,Female
19709,User_19709,37,Male
21170,User_21170,56,Female
22662,User_22662,35,Male
108028,User_108028,38,Female
6972,User_6972,26,Female
67378,User_67378,29,Female
132406,User_132406,60,Female
44988,User_44988,59,Male
17843,User_17843,22,Male
99475,User_99475,33,Male
58600,User_58600,40,Male
14957,User_14957,59,Female
123937,User_123937,57,Female
128859,User_128859,26,Female
124452,User_124452,42,Female
135603,User_135603,42,Female
105028,User_105028,20,Female
6936,User_6936,52,Male
101590,User_101590,53,Male
126764,User_126764,21,Female
1220,User_1220,39,Male
34655,User_34655,19,Male
92510,User_92510,34,Female
35116,User_35116,47,Male
102483,User_102483,54,Female
49329,User_49329,33,Female
137774,User_137774,49,Male
86924,User_86924,20,Female
80778,User_80778,50,Female
103857,User_103857,60,Female
36611,User_36611,32,Male
19187,User_19187,34,Male
44028,User_44028,55,Male
91918,User_91918,30,Male
19085,User_19085,55,Male
71053,User_71053,23,Male
90492,User_90492,32,Female
130324,User_130324,34,Male
47611,User_47611,59,Male
20420,User_20420,30,Female
22706,User_22706,53,Male
96229,User_96229,55,Male
106327,User_106327,41,Female
104655,User_104655,59,Male
46459,User_46459,32,Male
83985,User_83985,46,Male
73610,User_73610,20,Male
59828,User_59828,30,Male
73514,User_73514,27,Female
97832,User_97832,26,Female
22219,User_22219,37,Female
78278,User_78278,41,Male
117024,User_117024,50,Female
56304,User_56304,28,Male
41118,User_41118,32,Male
102324,User_102324,30,Female
106309,User_106309,19,Female
23429,User_23429,22,Male
104511,User_104511,24,Female
7605,User_7605,46,Female
24582,User_24582,21,Male
34827,User_34827,43,Female
71991,User_71991,53,Male
31392,User_31392,52,Female
71494,User_71494,36,Male
112976,User_112976,57,Female
43639,User_43639,51,Female
57617,User_57617,37,Male
66367,User_66367,52,Female
106112,User_106112,31,Female
115089,User_115089,49,Female
85918,User_85918,41,Female
80087,User_80087,22,Female
121856,User_121856,35,Female
30901,User_30901,44,Female
44752,User_44752,37,Male
43811,User_43811,53,Male
96188,User_96188,50,Female
49405,User_49405,52,Female
27007,User_27007,38,Male
9866,User_9866,58,Male
100550,User_100550,27,Male
79505,User_79505,31,Male
37622,User_37622,35,Male
110522,User_110522,19,Female
16253,User_16253,48,Male
43344,User_43344,32,Female
85705,User_85705,47,Male
89543,User_89543,57,Female
110933,User_110933,27,Female
11791,User_11791,26,Male
81375,User_81375,32,Male
51533,User_51533,36,Male
94011,User_94011,60,Female
106274,User_106274,37,Male
56070,User_56070,43,Male
1670,User_1670,32,Female
99186,User_99186,49,Male
51308,User_51308,57,Female
20544,User_20544,39,Female
49273,User_49273,21,Female
3196,User_3196,49,Male
128283,User_128283,18,Male
119268,User_119268,23,Male
67869,User_67869,48,Male
28035,User_28035,59,Female
52963,User_52963,21,Male
70055,User_70055,52,Male
5555,User_5555,32,Female
104517,User_104517,49,Female
79437,User_79437,53,Male
96001,User_96001,49,Female
36073,User_36073,37,Female
64430,User_64430,53,Male
32639,User_32639,55,Male
84303,User_84303,33,Female
70967,User_70967,48,Male
58045,User_58045,22,Male
56606,User_56606,60,Male
30580,User_30580,32,Male
130994,User_130994,36,Male
48674,User_48674,47,Female
48459,User_48459,44,Male
126529,User_126529,31,Male
74084,User_74084,29,Female
53532,User_53532,19,Male
112121,User_112121,25,Male
23442,User_23442,58,Female
51794,User_51794,56,Male
117129,User_117129,47,Female
50873,User_50873,43,Male
62897,User_62897,42,Male
124984,User_124984,58,Female
135784,User_135784,35,Male
26089,User_26089,36,Male
90566,User_90566,28,Male
25826,User_25826,56,Female
2619,User_2619,19,Male
49729,User_49729,19,Male
78515,User_78515,24,Male
124230,User_124230,56,Male
109688,User_109688,34,Male
48329,User_48329,57,Male
42657,User_42657,40,Male
40454,User_40454,33,Male
101690,User_101690,52,Male
112485,User_112485,28,Male
48871,User_48871,55,Female
95106,User_95106,33,Female
103194,User_103194,28,Female
10050,User_10050,20,Male
67717,User_67717,27,Female
70641,User_70641,28,Male
51566,User_51566,40,Male
117954,User_117954,27,Female
118149,User_118149,53,Female
118778,User_118778,60,Female
52235,User_52235,54,Male
18102,User_18102,28,Female
95050,User_95050,37,Female
51686,User_51686,60,Female
138174,User_138174,51,Male
6067,User_6067,58,Female
20164,User_20164,18,Male
60341,User_60341,32,Female
67970,User_67970,30,Female
64167,User_64167,47,Female
38818,User_38818,52,Male
72068,User_72068,33,Male
71860,User_71860,34,Male
114932,User_114932,44,Male
45028,User_45028,20,Male
107589,User_107589,33,Male
20037,User_20037,27,Female
37753,User_37753,44,Female
30420,User_30420,51,Female
56393,User_56393,30,Female
131559,User_131559,19,Male
91491,User_91491,54,Female
30340,User_30340,45,Female
26710,User_26710,28,Female
99878,User_99878,42,Male
40029,User_40029,25,Female
116572,User_116572,21,Male
67273,User_67273,38,Male
56816,User_56816,55,Female
102209,User_102209,59,Female
94339,User_94339,21,Female
73221,User_73221,27,Female
5542,User_5542,19,Male
51394,User_51394,39,Male
93429,User_93429,53,Female
88,User_88,18,Male
50388,User_50388,19,Female
27649,User_27649,18,Male
130503,User_130503,43,Male
49303,User_49303,27,Male
56434,User_56434,18,Female
53058,User_53058,58,Female
24173,User_24173,47,Female
110030,User_110030,37,Female
79341,User_79341,58,Female
77929,User_77929,42,Male
137439,User_137439,59,Female
52927,User_52927,18,Male
112340,User_112340,48,Male
56539,User_56539,45,Female
134062,User_134062,20,Female
127590,User_127590,42,Male
19496,User_19496,20,Male
91537,User_91537,44,Female
42672,User_42672,21,Male
84324,User_84324,38,Male
44097,User_44097,28,Male
6328,User_6328,41,Male
87776,User_87776,46,Female
61766,User_61766,42,Female
49754,User_49754,57,Female
78330,User_78330,53,Male
35925,User_35925,20,Male
67244,User_67244,40,Female
47988,User_47988,34,Male
69666,User_69666,24,Female
113106,User_113106,20,Female
62693,User_62693,51,Male
113822,User_113822,32,Male
50744,User_50744,20,Male
52735,User_52735,30,Female
47506,User_47506,32,Male
65125,User_65125,31,Male
63277,User_63277,51,Female
84029,User_84029,43,Male
81388,User_81388,35,Male
13427,User_13427,44,Female
27534,User_27534,20,Male
70263,User_70263,35,Male
120623,User_120623,50,Male
36436,User_36436,26,Male
128263,User_128263,26,Male
106726,User_106726,57,Female
12158,User_12158,54,Female
22793,User_22793,51,Female
53640,User_53640,37,Female
15220,User_15220,35,Female
13706,User_13706,49,Female
3444,User_3444,51,Male
117527,User_117527,31,Male
54497,User_54497,49,Male
118649,User_118649,52,Female
55392,User_55392,32,Male
34144,User_34144,19,Male
55860,User_55860,42,Female
68613,User_68613,55,Female
52548,User_52548,27,Female
55778,User_55778,59,Female
130023,User_130023,34,Female
9657,User_9657,48,Female
1087,User_1087,30,Male
101171,User_101171,25,Female
53077,User_53077,34,Female
118580,User_118580,57,Male
82489,User_82489,24,Male
72908,User_72908,18,Male
92172,User_92172,30,Male
86701,User_86701,26,Female
97702,User_97702,32,Female
107445,User_107445,23,Female
18515,User_18515,37,Female
30840,User_30840,55,Female
85845,User_85845,28,Male
5119,User_5119,50,Male
93929,User_93929,49,Female
20539,User_20539,37,Male
37781,User_37781,47,Female
97490,User_97490,43,Female
39767,User_39767,57,Male
25265,User_25265,20,Female
98505,User_98505,45,Female
25559,User_25559,22,Male
114874,User_114874,27,Male
35890,User_35890,18,Male
62278,User_62278,28,Female
37799,User_37799,45,Male
61983,User_61983,30,Male
100453,User_100453,26,Male
96654,User_96654,33,Male
10189,User_10189,54,Male
79399,User_79399,33,Female
107266,User_107266,38,Female
69685,User_69685,34,Male
22840,User_22840,53,Male
67111,User_67111,24,Male
60758,User_60758,39,Male
10386,User_10386,52,Male
118535,User_118535,47,Female
61278,User_61278,36,Female
44805,User_44805,30,Male
23016,User_23016,24,Male
80001,User_80001,39,Female
92647,User_92647,38,Female
80191,User_80191,30,Female
15001,User_15001,22,Male
52873,User_52873,22,Female
5345,User_5345,32,Male
100407,User_100407,42,Male
116638,User_116638,21,Male
99575,User_99575,51,Male
135605,User_135605,24,Female
80859,User_80859,45,Female
572,User_572,58,Male
65644,User_65644,46,Male
29294,User_29294,40,Male
86985,User_86985,45,Female
127025,User_127025,59,Female
38841,User_38841,23,Female
3219,User_3219,40,Male
132252,User_132252,39,Female
1674,User_1674,24,Female
14230,User_14230,58,Female
51576,User_51576,31,Male
39769,User_39769,29,Male
43414,User_43414,34,Male
84414,User_84414,22,Female
105963,User_105963,33,Female
30447,User_30447,41,Male
15660,User_15660,53,Female
20096,User_20096,27,Male
38072,User_38072,32,Female
91878,User_91878,26,Male
85218,User_85218,37,Male
129826,User_129826,42,Female
22048,User_22048,51,Female
87123,User_87123,36,Male
69080,User_69080,43,Female
126091,User_126091,22,Male
16162,User_16162,19,Male
78930,User_78930,37,Female
8433,User_8433,20,Male
116681,User_116681,56,Male
31056,User_31056,48,Male
122937,User_122937,27,Male
33621,User_33621,48,Female
81627,User_81627,22,Female
56346,User_56346,60,Male
90130,User_90130,23,Male
106308,User_106308,37,Male
129482,User_129482,35,Female
45676,User_45676,46,Male
122585,User_122585,21,Male
27629,User_27629,20,Female
137382,User_137382,53,Male
60285,User_60285,19,Male
93263,User_93263,43,Male
3172,User_3172,35,Female
71811,User_71811,39,Male
21383,User_21383,59,Female
51684,User_51684,20,Male
24275,User_24275,28,Female
81374,User_81374,42,Female
38125,User_38125,27,Female
95200,User_95200,27,Male
74591,User_74591,48,Female
76211,User_76211,32,Female
81636,User_81636,26,Male
28784,User_28784,58,Female
56561,User_56561,44,Female
68446,User_68446,36,Male
89996,User_89996,22,Female
93815,User_93815,29,Female
96757,User_96757,43,Female
83217,User_83217,28,Male
109391,User_109391,21,Female
13935,User_13935,38,Male
444,User_444,50,Male
2241,User_2241,18,Female
36510,User_36510,60,Male
87227,User_87227,55,Male
107780,User_107780,28,Female
70683,User_70683,24,Male
14821,User_14821,60,Female
119740,User_119740,57,Female
14483,User_14483,48,Female
100652,User_100652,33,Female
39064,User_39064,36,Female
35816,User_35816,58,Female
65093,User_65093,59,Female
79501,User_79501,33,Female
11064,User_11064,28,Female
25966,User_25966,27,Male
33070,User_33070,58,Female
104036,User_104036,57,Female
66362,User_66362,35,Female
37696,User_37696,44,Female
118946,User_118946,31,Male
46825,User_46825,21,Female
79072,User_79072,40,Female
63821,User_63821,51,Male
127530,User_127530,59,Male
43971,User_43971,46,Male
82528,User_82528,48,Female
29365,User_29365,48,Female
99750,User_99750,35,Male
115983,User_115983,35,Female
54644,User_54644,59,Female
92831,User_92831,55,Male
86378,User_86378,40,Female
6700,User_6700,30,Male
103746,User_103746,19,Female
38513,User_38513,26,Male
87546,User_87546,31,Male
41041,User_41041,48,Male
45153,User_45153,29,Female
56161,User_56161,40,Male
119031,User_119031,56,Female
107282,User_107282,45,Female
92226,User_92226,51,Female
68005,User_68005,30,Male
97188,User_97188,45,Male
30229,User_30229,53,Male
29634,User_29634,50,Female
16324,User_16324,27,Female
130305,User_130305,35,Female
59428,User_59428,25,Female
128695,User_128695,46,Female
19783,User_19783,26,Female
1576,User_1576,23,Male
25144,User_25144,30,Male
104447,User_104447,31,Female
97603,User_97603,38,Male
137201,User_137201,19,Male
107517,User_107517,53,Male
17387,User_17387,41,Male
80647,User_80647,54,Female
38604,User_38604,39,Female
111675,User_111675,52,Male
34353,User_34353,50,Male
79482,User_79482,18,Male
97591,User_97591,28,Female
127265,User_127265,48,Male
61528,User_61528,25,Female
87461,User_87461,35,Male
22732,User_22732,47,Female
98489,User_98489,28,Female
135990,User_135990,45,Female
74982,User_74982,55,Female
50236,User_50236,50,Male
87696,User_87696,49,Female
110063,User_110063,37,Female
62774,User_62774,44,Female
607,User_607,25,Female
24243,User_24243,27,Male
132924,User_132924,58,Male
124461,User_124461,26,Female
101240,User_101240,23,Female
69474,User_69474,34,Female
14121,User_14121,35,Male
48752,User_48752,22,Male
100460,User_100460,20,Male
62686,User_62686,32,Female
127775,User_127775,34,Male
33567,User_33567,60,Female
75280,User_75280,48,Female
64270,User_64270,55,Female
10847,User_10847,49,Male
65502,User_65502,48,Female
103954,User_103954,31,Male
87510,User_87510,46,Female
73594,User_73594,58,Male
38700,User_38700,57,Male
77954,User_77954,38,Female
104477,User_104477,18,Male
68480,User_68480,20,Female
100949,User_100949,49,Male
95164,User_95164,42,Female
125560,User_125560,20,Male
74570,User_74570,35,Female
23216,User_23216,58,Male
72282,User_72282,40,Female
15578,User_15578,43,Female
134304,User_134304,18,Male
74868,User_74868,50,Female
27328,User_27328,51,Female
47832,User_47832,45,Female
19051,User_19051,35,Male
126585,User_126585,46,Male
126206,User_126206,31,Female
111682,User_111682,53,Male
73518,User_73518,31,Male
108800,User_108800,37,Male
67959,User_67959,59,Male
64666,User_64666,60,Male
101650,User_101650,41,Female
65907,User_65907,30,Male
103947,User_103947,57,Male
130393,User_130393,26,Male
65858,User_65858,21,Male
85347,User_85347,26,Male
34258,User_34258,50,Female
56938,User_56938,50,Female
82678,User_82678,46,Male
119549,User_119549,33,Male
132873,User_132873,44,Female
